"store_type","total_sales","total_sales_percentage","order_count"
"Local",4191902.0199996075,65.00963681834145,"77714"
"Mall Kiosk",704362.4400000069,10.923524976112288,"13041"
"Outlet",507724.090000003,7.873981437864379,"9145"
"Super Store",1043067.7200000053,16.176297377805163,"19107"
"Web Portal",1067.77,0.016559389884195565,"43"
